{"cameraMode":{"drawMode":0,"name":"Shaded","section":"Shading Mode"},"sceneLighting":true,"audioPlay":false,"sceneViewState":{"showFog":false,"showMaterialUpdate":false,"showSkybox":false,"showFlares":false,"showImageEffects":false,"showParticleSystems":true},"in2DMode":false,"pivot":{"x":-0.2459999918937683,"y":2.9802322387695315e-8,"z":0.4000000059604645},"rotation":{"x":-0.8366680145263672,"y":0.14760053157806397,"z":0.4506738781929016,"w":0.2740326225757599},"size":28.524953842163087,"orthographic":true}