{"cameraMode":{"drawMode":0,"name":"Shaded","section":"Shading Mode"},"sceneLighting":true,"audioPlay":false,"sceneViewState":{"showFog":false,"showMaterialUpdate":false,"showSkybox":false,"showFlares":false,"showImageEffects":false,"showParticleSystems":true},"in2DMode":false,"pivot":{"x":-0.2460000216960907,"y":2.9802322387695315e-8,"z":0.9089999794960022},"rotation":{"x":-0.8187351822853088,"y":-0.16548870503902436,"z":-0.46705031394958498,"w":0.29008662700653078},"size":0.6306372284889221,"orthographic":true}